Notebook,DetectedModelLibraries
ED-Pipeline-Phase2.ipynb,scikit-learn
ED_Pipeline_v6_full-editable baseline.ipynb,scikit-learn
baseline-first-real-data-ready-scaffold(1).ipynb,"PyTorch, scikit-learn"
baseline-first-real-data-ready-scaffold(2).ipynb,"PyTorch, scikit-learn"
baseline-first-real-data-ready-scaffold(3).ipynb,"PyTorch, scikit-learn"
baseline-first-real-data-ready-scaffold.ipynb,"PyTorch, scikit-learn"
ed_agent_mesh_FLOW_BUNDLE_v1.ipynb,
ed_agent_mesh_FLOW_BUNDLE_v1_1.ipynb,
ed_agent_mesh_FLOW_BUNDLE_v1_2.ipynb,
ed_agent_mesh_FLOW_BUNDLE_v1_3.ipynb,
ed_agent_mesh_FLOW_BUNDLE_v1_4.ipynb,
ed_agent_mesh_FLOW_BUNDLE_v1_5(1).ipynb,
ed_agent_mesh_FLOW_BUNDLE_v1_5(2).ipynb,
ed_agent_mesh_FLOW_BUNDLE_v1_5(3).ipynb,
ed_agent_mesh_FLOW_BUNDLE_v1_5.ipynb,
ed_agent_mesh_day6_ECG_PATCHED.ipynb,
ed_agent_mesh_day6_ECG_TROP_SCHEDULED.ipynb,
ed_agent_mesh_day6_PATCHED.ipynb,
